"partei","wahlkreis","sum"
0,1,68120
0,2,62256
0,3,54812
0,4,66625
0,5,46560
0,6,53109
0,7,73816
0,8,78824
0,9,56996
0,10,75737
0,11,45432
0,12,49733
0,13,43453
0,14,47923
0,15,73746
0,16,48269
0,17,53538
0,18,42149
0,19,37575
0,20,44416
0,21,59441
0,22,50822
0,23,43274
0,24,38531
0,25,87406
0,26,44537
0,27,52598
0,28,57390
0,29,59930
0,30,67463
0,31,95815
0,32,93545
0,33,65465
0,34,59560
0,35,45510
0,36,65223
0,37,46740
0,38,68379
0,39,60185
0,40,59128
0,41,39487
0,42,42713
0,43,72282
0,44,68655
0,45,60345
0,46,46181
0,47,65815
0,48,60457
0,49,45310
0,50,45881
0,51,47416
0,52,59391
0,53,56250
0,54,44912
0,55,36363
0,56,36481
0,57,39102
0,58,54455
0,59,47594
0,60,39991
0,61,48095
0,62,56607
0,63,37344
0,64,36855
0,65,35633
0,66,35644
0,67,55110
0,68,51386
0,69,44021
0,70,42781
0,71,45843
0,72,40690
0,73,43254
0,74,42725
0,75,27654
0,76,36429
0,77,49654
0,78,40372
0,79,63085
0,80,47077
0,81,51708
0,82,34593
0,83,20955
0,84,29384
0,85,30480
0,86,28905
0,87,47011
0,88,62405
0,89,64121
0,90,62711
0,91,74207
0,92,79493
0,93,43683
0,94,68657
0,95,41106
0,96,57330
0,97,79987
0,98,80441
0,99,67603
0,100,68948
0,101,47272
0,102,43814
0,103,61871
0,104,70762
0,105,48689
0,106,69273
0,107,47950
0,108,69658
0,109,57766
0,110,65228
0,111,82165
0,112,75375
0,113,61849
0,114,48817
0,115,34053
0,116,26522
0,117,43077
0,118,44219
0,119,28912
0,120,56393
0,121,37792
0,122,46982
0,123,29768
0,124,78579
0,125,50334
0,126,81496
0,127,79677
0,128,67678
0,129,70606
0,130,75017
0,131,81298
0,132,56485
0,133,59571
0,134,53057
0,135,46526
0,136,69910
0,137,99004
0,138,44948
0,139,44273
0,140,43773
0,141,30361
0,142,44228
0,143,39933
0,144,47452
0,145,59700
0,146,73595
0,147,73185
0,148,64484
0,149,72158
0,150,53714
0,151,38207
0,152,43919
0,153,42778
0,154,54152
0,155,55326
0,156,48579
0,157,48256
0,158,44354
0,159,44388
0,160,47185
0,161,48230
0,162,38653
0,163,48012
0,164,56716
0,165,48347
0,166,49104
0,167,47269
0,168,44425
0,169,39302
0,170,43514
0,171,46888
0,172,58417
0,173,57610
0,174,71946
0,175,49479
0,176,57579
0,177,49891
0,178,71555
0,179,47309
0,180,46656
0,181,66490
0,182,43663
0,183,55221
0,184,45963
0,185,58565
0,186,58216
0,187,65654
0,188,59781
0,189,59318
0,190,55378
0,191,44684
0,192,42221
0,193,45305
0,194,52980
0,195,52311
0,196,56316
0,197,76933
0,198,64006
0,199,61594
0,200,58596
0,201,50975
0,202,63719
0,203,56611
0,204,68727
0,205,71535
0,206,68685
0,207,51168
0,208,69504
0,209,53022
0,210,48719
0,211,68588
0,258,51118
0,259,46166
0,260,75323
0,261,53665
0,262,65566
0,263,50892
0,264,64958
0,265,66430
0,266,73689
0,267,64591
0,268,68717
0,269,55595
0,270,77752
0,271,45821
0,272,67396
0,273,68259
0,274,58019
0,275,41812
0,276,75531
0,277,57788
0,278,63166
0,279,60476
0,280,65676
0,281,50256
0,282,69148
0,283,62476
0,284,73935
0,285,64558
0,286,58149
0,287,70355
0,288,56528
0,289,63494
0,290,56446
0,291,74849
0,292,57837
0,293,56165
0,294,55758
0,295,61694
0,296,45664
0,297,60102
0,298,57987
0,299,48102
1,1,47711
1,2,34685
1,3,34219
1,4,45070
1,5,46991
1,6,37728
1,7,56460
1,8,52434
1,9,42232
1,10,52171
1,11,43578
1,12,34267
1,13,34705
1,14,29056
1,15,19515
1,16,21493
1,17,22401
1,18,53795
1,19,41947
1,20,48920
1,21,54695
1,22,59086
1,23,53446
1,24,69231
1,25,48959
1,26,54504
1,27,63235
1,28,55326
1,29,43077
1,30,42829
1,31,47107
1,32,32997
1,33,40102
1,34,48505
1,35,51938
1,36,44017
1,37,39169
1,38,42438
1,39,47279
1,40,47615
1,41,47549
1,42,49744
1,43,59552
1,44,48189
1,45,63294
1,46,54130
1,47,69104
1,48,62448
1,49,66587
1,50,55641
1,51,51646
1,52,51953
1,53,59032
1,54,55656
1,55,49463
1,56,28061
1,57,24843
1,58,41423
1,59,26526
1,60,31548
1,61,50588
1,62,36148
1,63,23598
1,64,22019
1,65,20142
1,66,20900
1,67,29174
1,68,24767
1,69,34877
1,70,14806
1,71,18687
1,72,32053
1,73,16930
1,74,20864
1,75,35036
1,76,30509
1,77,31882
1,78,41965
1,79,43801
1,80,43123
1,81,39380
1,82,37777
1,83,29028
1,84,21379
1,85,17172
1,86,20720
1,87,45309
1,88,63135
1,89,39301
1,90,47543
1,91,58792
1,92,48592
1,93,42799
1,94,52880
1,95,48148
1,96,62377
1,97,49988
1,98,39246
1,99,41305
1,100,42098
1,101,59373
1,102,46657
1,103,49863
1,104,40819
1,105,37468
1,106,41903
1,107,38727
1,108,45314
1,109,31766
1,110,39142
1,111,42932
1,112,51197
1,113,52085
1,114,42219
1,115,45455
1,116,34799
1,117,56987
1,118,49226
1,119,40601
1,120,46829
1,121,47257
1,122,56019
1,123,45017
1,124,39584
1,125,55128
1,126,39412
1,127,36250
1,128,45797
1,129,54778
1,130,45094
1,131,48942
1,132,61086
1,133,61205
1,134,55868
1,135,40908
1,136,42211
1,137,36983
1,138,58206
1,139,49333
1,140,57655
1,141,52672
1,142,59990
1,143,55038
1,144,58019
1,145,61717
1,146,50458
1,147,41047
1,148,48560
1,149,39699
1,150,54890
1,151,16248
1,152,26330
1,153,23787
1,154,18221
1,155,13486
1,156,15836
1,157,16801
1,158,11100
1,159,23906
1,160,20593
1,161,17782
1,162,22413
1,163,14142
1,164,14707
1,165,18219
1,166,15538
1,167,49341
1,168,58759
1,169,54033
1,170,53892
1,171,50214
1,172,45375
1,173,46216
1,174,32150
1,175,38462
1,176,33201
1,177,39773
1,178,43427
1,179,39396
1,180,40185
1,181,34527
1,182,38704
1,183,44240
1,184,42342
1,185,40106
1,186,56442
1,187,52761
1,188,41408
1,189,22320
1,190,24478
1,191,21668
1,192,27120
1,193,30257
1,194,20627
1,195,19753
1,196,22579
1,197,50996
1,198,40944
1,199,42777
1,200,33477
1,201,43373
1,202,32017
1,203,50283
1,204,47312
1,205,56184
1,206,44569
1,207,50740
1,208,44032
1,209,57482
1,210,38028
1,211,44224
1,212,15479
1,213,24131
1,214,24916
1,215,35454
1,216,24799
1,217,45068
1,218,39621
1,219,39873
1,220,44283
1,221,31943
1,222,21890
1,223,14792
1,224,29308
1,225,25659
1,226,19722
1,227,20612
1,228,25970
1,229,24611
1,230,17683
1,231,21525
1,232,25580
1,233,32862
1,234,38461
1,235,28614
1,236,29475
1,237,26785
1,238,32163
1,239,29641
1,240,21494
1,241,33755
1,242,30965
1,243,45055
1,244,37068
1,245,34621
1,246,37920
1,247,23660
1,248,32383
1,249,35148
1,250,26346
1,251,33929
1,252,29285
1,253,27813
1,254,26562
1,255,26419
1,256,21451
1,257,21610
1,258,20512
1,259,25469
1,260,38053
1,261,25697
1,262,31655
1,263,29730
1,264,33898
1,265,30971
1,266,36327
1,267,42455
1,268,31406
1,269,26971
1,270,35164
1,271,37924
1,272,32886
1,273,29486
1,274,46219
1,275,39795
1,276,30849
1,277,36886
1,278,29684
1,279,31611
1,280,25601
1,281,40647
1,282,36986
1,283,39472
1,284,26532
1,285,23855
1,286,20672
1,287,26396
1,288,32522
1,289,23397
1,290,27325
1,291,35456
1,292,22034
1,293,24451
1,294,17958
1,295,19716
1,296,46688
1,297,50672
1,298,42129
1,299,45022
2,1,12144
2,2,7102
2,3,7176
2,4,8074
2,5,11114
2,6,7009
2,7,11270
2,8,10838
2,9,6062
2,10,9785
2,11,0
2,12,26655
2,13,23433
2,14,40202
2,15,26650
2,16,29462
2,17,24728
2,18,24083
2,19,19704
2,20,16123
2,21,13277
2,22,15673
2,23,16382
2,24,9403
2,25,7726
2,26,8127
2,27,14081
2,28,10262
2,29,8121
2,30,7994
2,31,6813
2,32,6640
2,33,7759
2,34,10714
2,35,5219
2,36,8638
2,37,11729
2,38,7908
2,39,12521
2,40,6530
2,41,9579
2,42,13775
2,43,8958
2,44,7901
2,45,8827
2,46,8220
2,47,10124
2,48,8502
2,49,9290
2,50,11145
2,51,8128
2,52,8525
2,53,9905
2,54,22666
2,55,16739
2,56,20849
2,57,23589
2,58,26839
2,59,37721
2,60,19038
2,61,31840
2,62,30278
2,63,26401
2,64,20359
2,65,19583
2,66,20973
2,67,29616
2,68,27104
2,69,30299
2,70,22086
2,71,30757
2,72,30530
2,73,21819
2,74,24863
2,75,30492
2,76,53618
2,77,10384
2,78,9861
2,79,13392
2,80,14745
2,81,19356
2,82,23204
2,83,42600
2,84,61881
2,85,46782
2,86,51249
2,87,12282
2,88,8785
2,89,6424
2,90,6611
2,91,8590
2,92,10835
2,93,11898
2,94,15704
2,95,14431
2,96,10193
2,97,14684
2,98,9543
2,99,7999
2,100,8409
2,101,9430
2,102,13120
2,103,10105
2,104,8647
2,105,6825
2,106,12611
2,107,18499
2,108,8535
2,109,8921
2,110,7815
2,111,8747
2,112,7096
2,113,9461
2,114,7418
2,115,8146
2,116,8885
2,117,11331
2,118,9210
2,119,8555
2,120,9846
2,121,8043
2,122,11502
2,123,7614
2,124,7554
2,125,9505
2,126,6969
2,127,9577
2,128,8520
2,129,13024
2,130,7738
2,131,7582
2,132,16489
2,133,9353
2,134,7862
2,135,6870
2,136,8724
2,137,9554
2,138,8045
2,139,10804
2,140,15462
2,141,10064
2,142,11874
2,143,12242
2,144,8048
2,145,9949
2,146,9756
2,147,6452
2,148,9554
2,149,7197
2,150,11113
2,151,20028
2,152,31132
2,153,43948
2,154,24801
2,155,19122
2,156,24221
2,157,20853
2,158,22614
2,159,37936
2,160,32397
2,161,20785
2,162,28213
2,163,23174
2,164,24808
2,165,36881
2,166,21809
2,167,8600
2,168,14472
2,169,7281
2,170,7852
2,171,11557
2,172,7116
2,173,10346
2,174,7669
2,175,8007
2,176,8556
2,177,6719
2,178,9394
2,179,10558
2,180,7715
2,181,7887
2,182,13934
2,183,15523
2,184,8729
2,185,12435
2,186,16146
2,187,11138
2,188,8511
2,189,23848
2,190,24899
2,191,32680
2,192,22674
2,193,30948
2,194,32573
2,195,28926
2,196,30646
2,197,9521
2,198,6790
2,199,7693
2,200,7040
2,201,7610
2,202,6786
2,203,9842
2,204,11098
2,205,12904
2,206,8539
2,207,8979
2,208,8207
2,209,12277
2,210,8019
2,211,8018
2,212,6060
2,213,6418
2,214,9265
2,215,7699
2,216,8817
2,217,10351
2,218,11655
2,219,12611
2,220,13569
2,221,7708
2,222,7036
2,223,6922
2,224,6983
2,225,7144
2,226,6229
2,227,4955
2,228,6869
2,229,6246
2,230,4851
2,231,4766
2,232,7461
2,233,11761
2,234,7929
2,235,5677
2,236,7504
2,237,5476
2,238,6305
2,239,5560
2,240,5057
2,241,11179
2,242,8633
2,243,13311
2,244,14511
2,245,10772
2,246,8887
2,247,6833
2,248,9071
2,249,7515
2,250,12091
2,251,10130
2,252,12850
2,253,7231
2,254,6198
2,255,7855
2,256,8264
2,257,10153
2,258,10409
2,259,12321
2,260,9715
2,261,7853
2,262,7978
2,263,5994
2,264,8626
2,265,9487
2,266,8453
2,267,8448
2,268,7314
2,269,7581
2,270,8678
2,271,12155
2,272,7627
2,273,7123
2,274,10751
2,275,10493
2,276,8422
2,277,8010
2,278,7016
2,279,7730
2,280,6832
2,281,13172
2,282,8854
2,283,8691
2,284,8264
2,285,5825
2,286,5347
2,287,11003
2,288,6767
2,289,9711
2,290,13862
2,291,8105
2,292,4907
2,293,7185
2,294,7860
2,295,6450
2,296,19262
2,297,17142
2,298,13584
2,299,15724
3,1,17911
3,2,13026
3,3,8791
3,4,13978
3,5,21743
3,6,11736
3,7,15379
3,8,16004
3,9,9539
3,10,18688
3,11,16785
3,12,5837
3,13,5858
3,14,8333
3,15,5081
3,16,3898
3,17,4739
3,18,22368
3,19,20817
3,20,23220
3,21,24065
3,22,12112
3,23,11903
3,24,9787
3,25,8255
3,26,7542
3,27,19827
3,28,12933
3,29,8491
3,30,10613
3,31,8900
3,32,7034
3,33,11252
3,34,10146
3,35,6053
3,36,14565
3,37,20604
3,38,11613
3,39,15108
3,40,11206
3,41,12102
3,42,16486
3,43,10725
3,44,9266
3,45,9342
3,46,7511
3,47,10693
3,48,12691
3,49,6680
3,50,11761
3,51,6096
3,52,8128
3,53,19131
3,54,22117
3,55,11269
3,56,3547
3,57,4714
3,58,9685
3,59,8972
3,60,4293
3,61,15549
3,62,8127
3,63,4504
3,64,4319
3,65,3543
3,66,3738
3,67,3540
3,68,4462
3,69,6417
3,70,5607
3,71,2854
3,72,5475
3,73,3198
3,74,3647
3,75,26781
3,76,26376
3,77,10647
3,78,8031
3,79,22712
3,80,21286
3,81,33763
3,82,15480
3,83,45055
3,84,7755
3,85,4440
3,86,8609
3,87,13104
3,88,7782
3,89,6964
3,90,8235
3,91,10354
3,92,10689
3,93,13535
3,94,28716
3,95,19621
3,96,15056
3,97,11762
3,98,13643
3,99,9489
3,100,11846
3,101,8722
3,102,10987
3,103,9403
3,104,11014
3,105,7567
3,106,14408
3,107,11778
3,108,8131
3,109,7814
3,110,10140
3,111,11478
3,112,8230
3,113,8763
3,114,8063
3,115,6648
3,116,4622
3,117,8349
3,118,8690
3,119,5846
3,120,12511
3,121,6079
3,122,6363
3,123,5444
3,124,8118
3,125,6522
3,126,10496
3,127,12680
3,128,9857
3,129,24248
3,130,8968
3,131,9992
3,132,17728
3,133,8444
3,134,7372
3,135,7671
3,136,9400
3,137,11116
3,138,5752
3,139,11538
3,140,11937
3,141,6992
3,142,11281
3,143,9047
3,144,9600
3,145,7409
3,146,9459
3,147,6476
3,148,6885
3,149,5170
3,150,5356
3,151,3070
3,152,8735
3,153,17273
3,154,6219
3,155,5051
3,156,3247
3,157,4995
3,158,4575
3,159,11765
3,160,15839
3,161,4626
3,162,6157
3,163,4609
3,164,4334
3,165,6513
3,166,5292
3,167,8062
3,168,15466
3,169,5236
3,170,8003
3,171,8989
3,172,8909
3,173,13619
3,174,8874
3,175,7346
3,176,12884
3,177,11368
3,178,12020
3,179,12321
3,180,8054
3,181,14458
3,182,15596
3,183,23026
3,184,8877
3,185,14246
3,186,26939
3,187,14181
3,188,11747
3,189,3992
3,190,5066
3,191,7544
3,192,4809
3,193,11722
3,194,3652
3,195,5726
3,196,4408
3,197,9449
3,198,8616
3,199,9273
3,200,6465
3,201,6750
3,202,0
3,203,9645
3,204,8225
3,205,21685
3,206,11280
3,207,8700
3,208,13156
3,209,8618
3,210,5544
3,211,13500
3,212,7584
3,213,16607
3,214,17439
3,215,17244
3,216,11515
3,217,22726
3,218,28278
3,219,23343
3,220,31385
3,221,26890
3,222,17307
3,223,17786
3,224,20864
3,225,12972
3,226,12066
3,227,5342
3,228,12514
3,229,7248
3,230,6061
3,231,4602
3,232,11612
3,233,18343
3,234,6172
3,235,4553
3,236,13194
3,237,8936
3,238,7129
3,239,5936
3,240,5880
3,241,13946
3,242,16179
3,243,19088
3,244,18463
3,245,10163
3,246,14465
3,247,13144
3,248,11980
3,249,11050
3,250,11466
3,251,25359
3,252,21062
3,253,14809
3,254,9436
3,255,16519
3,256,16162
3,257,16537
3,258,47430
3,259,21850
3,260,23206
3,261,20501
3,262,24540
3,263,16420
3,264,21542
3,265,24702
3,266,23092
3,267,14920
3,268,21468
3,269,15216
3,270,16123
3,271,28268
3,272,19076
3,273,16954
3,274,29664
3,275,18739
3,276,11090
3,277,14792
3,278,12641
3,279,16016
3,280,13284
3,281,46115
3,282,26244
3,283,18537
3,284,19383
3,285,14299
3,286,12085
3,287,21052
3,288,16030
3,289,22309
3,290,30197
3,291,20990
3,292,17589
3,293,18811
3,294,29216
3,295,17489
3,296,8782
3,297,5532
3,298,4674
3,299,7128
4,212,68435
4,213,78212
4,214,79545
4,215,82602
4,216,90383
4,217,55811
4,218,68255
4,219,55894
4,220,64014
4,221,85347
4,222,84981
4,223,62465
4,224,73948
4,225,80056
4,226,63784
4,227,52167
4,228,75702
4,229,61835
4,230,55364
4,231,60976
4,232,80075
4,233,78858
4,234,77092
4,235,59285
4,236,60675
4,237,58665
4,238,55078
4,239,59182
4,240,74105
4,241,81431
4,242,62767
4,243,78559
4,244,45340
4,245,46511
4,246,81874
4,247,68708
4,248,86603
4,249,72406
4,250,73901
4,251,76515
4,252,52769
4,253,94252
4,254,68770
4,255,80503
4,256,88357
4,257,93430
5,1,11147
5,2,11105
5,3,14440
5,4,10077
5,5,11363
5,6,9379
5,7,14441
5,8,15617
5,9,10047
5,10,15775
5,11,8312
5,12,7470
5,13,8290
5,14,7368
5,15,5229
5,16,8909
5,17,6633
5,18,11202
5,19,12482
5,20,10537
5,21,14911
5,22,12007
5,23,8039
5,24,6882
5,25,7758
5,26,8074
5,27,10635
5,28,15208
5,29,6984
5,30,8797
5,31,10089
5,32,8306
5,33,10285
5,34,8273
5,35,5659
5,36,10458
5,37,9245
5,38,9576
5,39,13353
5,40,6539
5,41,8734
5,42,8165
5,43,9325
5,44,8830
5,45,8062
5,46,8034
5,47,10092
5,48,9330
5,49,7268
5,50,7877
5,51,7791
5,52,7438
5,53,7734
5,54,20702
5,55,9755
5,56,4226
5,57,4859
5,58,9514
5,59,7111
5,60,5763
5,61,14425
5,62,8910
5,63,7008
5,64,7426
5,65,6492
5,66,7388
5,67,11080
5,68,6923
5,69,10796
5,70,6051
5,71,9213
5,72,10131
5,73,8538
5,74,11091
5,75,9017
5,76,7890
5,77,9688
5,78,8292
5,79,16159
5,80,14426
5,81,11362
5,82,7255
5,83,5263
5,84,5831
5,85,4852
5,86,5018
5,87,10232
5,88,11038
5,89,9334
5,90,8788
5,91,17648
5,92,18316
5,93,10652
5,94,17816
5,95,10599
5,96,18724
5,97,18768
5,98,14491
5,99,12123
5,100,27049
5,101,10114
5,102,12910
5,103,12548
5,104,13202
5,105,10795
5,106,21944
5,107,13049
5,108,11471
5,109,10225
5,110,17673
5,111,14233
5,112,12692
5,113,12644
5,114,10769
5,115,8289
5,116,7054
5,117,9357
5,118,12729
5,119,7207
5,120,12639
5,121,8791
5,122,13903
5,123,7864
5,124,10082
5,125,9667
5,126,14216
5,127,16195
5,128,8533
5,129,13219
5,130,11291
5,131,11401
5,132,13495
5,133,9411
5,134,10575
5,135,10690
5,136,10813
5,137,10228
5,138,11727
5,139,14175
5,140,10923
5,141,8448
5,142,9063
5,143,9031
5,144,9635
5,145,9970
5,146,13681
5,147,12893
5,148,11742
5,149,13230
5,150,15221
5,151,7641
5,152,9074
5,153,10052
5,154,10048
5,155,7991
5,156,9247
5,157,7661
5,158,9933
5,159,13590
5,160,12843
5,161,8652
5,162,9535
5,163,10345
5,164,11820
5,165,19181
5,166,7836
5,167,9930
5,168,9759
5,169,6594
5,170,9298
5,171,6044
5,172,9590
5,173,12641
5,174,8437
5,175,8326
5,176,14954
5,177,11047
5,178,13053
5,179,9693
5,180,8418
5,181,17224
5,182,13185
5,183,13877
5,184,7358
5,185,12420
5,186,11739
5,187,13139
5,188,11711
5,189,7633
5,190,8075
5,191,8939
5,192,8775
5,193,9975
5,194,9712
5,195,10323
5,196,8147
5,197,10898
5,198,12981
5,199,9732
5,200,11544
5,201,9342
5,202,8703
5,203,7910
5,204,14543
5,205,13813
5,206,10058
5,207,11910
5,208,11734
5,209,9256
5,210,8846
5,211,10209
5,212,7070
5,213,11889
5,214,13400
5,215,13661
5,216,9310
5,217,16669
5,218,16451
5,219,15332
5,220,17369
5,221,18312
5,222,13750
5,223,10702
5,224,16893
5,225,9034
5,226,9370
5,227,4707
5,228,16297
5,229,7900
5,230,8625
5,231,5670
5,232,8388
5,233,12254
5,234,7392
5,235,5269
5,236,9364
5,237,8368
5,238,5877
5,239,4716
5,240,5381
5,241,7661
5,242,8713
5,243,10618
5,244,10379
5,245,7632
5,246,8583
5,247,11381
5,248,9534
5,249,7708
5,250,9506
5,251,14592
5,252,9191
5,253,11976
5,254,7321
5,255,10780
5,256,12262
5,257,10627
5,258,13399
5,259,11903
5,260,24867
5,261,11657
5,262,16390
5,263,12492
5,264,23568
5,265,17691
5,266,16191
5,267,17566
5,268,14252
5,269,10882
5,270,10218
5,271,13829
5,272,15138
5,273,11150
5,274,11769
5,275,9835
5,276,11419
5,277,12571
5,278,10255
5,279,19760
5,280,14154
5,281,9546
5,282,15271
5,283,14275
5,284,9593
5,285,16255
5,286,10438
5,287,11425
5,288,8402
5,289,15533
5,290,12504
5,291,14173
5,292,9775
5,293,11999
5,294,14672
5,295,12695
5,296,7672
5,297,6069
5,298,6517
5,299,7369
6,1,10583
6,2,8117
6,3,10006
6,4,10656
6,5,9283
6,6,10223
6,7,14729
6,8,15682
6,9,10790
6,10,17435
6,11,11137
6,12,24764
6,13,25262
6,14,23785
6,15,32173
6,16,36273
6,17,26199
6,18,12728
6,19,7425
6,20,8777
6,21,9701
6,22,16208
6,23,16688
6,24,0
6,25,13387
6,26,11392
6,27,11592
6,28,15122
6,29,11862
6,30,12590
6,31,8949
6,32,12683
6,33,11955
6,34,12995
6,35,10331
6,36,14826
6,37,12131
6,38,9934
6,39,0
6,40,13292
6,41,11364
6,42,10590
6,43,17217
6,44,16199
6,45,16501
6,46,13143
6,47,17570
6,48,14433
6,49,18564
6,50,11377
6,51,13857
6,52,13937
6,53,11870
6,54,14290
6,55,16645
6,56,21296
6,57,25804
6,58,32762
6,59,33915
6,60,21312
6,61,23890
6,62,37358
6,63,30261
6,64,32776
6,65,29830
6,66,18031
6,67,0
6,68,22792
6,69,24509
6,70,23520
6,71,32281
6,72,26018
6,73,30112
6,74,32864
6,75,11782
6,76,22487
6,77,17738
6,78,17551
6,79,14549
6,80,11722
6,81,16188
6,82,15105
6,83,10558
6,84,23245
6,85,28167
6,86,23119
6,87,7817
6,88,15114
6,89,11652
6,90,13404
6,91,17113
6,92,17650
6,93,11952
6,94,9057
6,95,11249
6,96,10882
6,97,0
6,98,14592
6,99,15648
6,100,12476
6,101,13408
6,102,16339
6,103,15303
6,104,14106
6,105,11143
6,106,10912
6,107,11530
6,108,13675
6,109,11910
6,110,11196
6,111,12035
6,112,11019
6,113,13615
6,114,11294
6,115,13648
6,116,16643
6,117,18197
6,118,16221
6,119,17153
6,120,12306
6,121,13953
6,122,0
6,123,19836
6,124,9265
6,125,17756
6,126,0
6,127,0
6,128,9530
6,129,8569
6,130,11078
6,131,13996
6,132,15028
6,133,16633
6,134,14796
6,135,13005
6,136,14443
6,137,16891
6,138,16716
6,139,0
6,140,14775
6,141,16799
6,142,14644
6,143,15074
6,144,13558
6,145,17713
6,146,15311
6,147,11115
6,148,15728
6,149,13306
6,150,0
6,151,31244
6,152,32702
6,153,25968
6,154,45563
6,155,46765
6,156,52770
6,157,49834
6,158,57554
6,159,40380
6,160,41202
6,161,46827
6,162,34958
6,163,36388
6,164,49465
6,165,0
6,166,36428
6,167,15438
6,168,16501
6,169,16411
6,170,17198
6,171,14378
6,172,17874
6,173,18918
6,174,27990
6,175,20172
6,176,15075
6,177,14987
6,178,17439
6,179,14417
6,180,16907
6,181,15319
6,182,12892
6,183,13033
6,184,14805
6,185,18047
6,186,17227
6,187,21347
6,188,19153
6,189,33402
6,190,34052
6,191,29451
6,192,34798
6,193,28960
6,194,47558
6,195,44894
6,196,38351
6,197,16954
6,198,13105
6,199,12153
6,200,10834
6,201,14914
6,202,8840
6,203,10414
6,204,0
6,205,14542
6,206,18902
6,207,23109
6,208,20593
6,209,21378
6,210,16989
6,211,20932
6,212,16486
6,213,16689
6,214,23222
6,215,19352
6,216,23720
6,217,13216
6,218,13822
6,219,12921
6,220,12852
6,221,16458
6,222,23988
6,223,13025
6,224,15607
6,225,16276
6,226,13383
6,227,20438
6,228,24080
6,229,18328
6,230,18539
6,231,19261
6,232,18790
6,233,23275
6,234,0
6,235,0
6,236,16603
6,237,11845
6,238,12763
6,239,14893
6,240,15497
6,241,19396
6,242,11670
6,243,20968
6,244,13398
6,245,17270
6,246,18925
6,247,14985
6,248,17753
6,249,14075
6,250,17198
6,251,13872
6,252,20170
6,253,24279
6,254,18799
6,255,24612
6,256,16825
6,257,24018
6,258,10646
6,259,14345
6,260,21842
6,261,14390
6,262,19833
6,263,19588
6,264,21863
6,265,20157
6,266,23215
6,267,28575
6,268,22894
6,269,17788
6,270,18447
6,271,16073
6,272,19512
6,273,18849
6,274,15803
6,275,17833
6,276,21849
6,277,20177
6,278,21960
6,279,26172
6,280,21431
6,281,12984
6,282,16854
6,283,18027
6,284,15899
6,285,19543
6,286,14069
6,287,15006
6,288,12388
6,289,18702
6,290,13684
6,291,18734
6,292,14640
6,293,14079
6,294,13668
6,295,18609
6,296,12950
6,297,14224
6,298,11646
6,299,15767
7,1,0
7,2,0
7,3,0
7,4,0
7,5,0
7,6,0
7,7,0
7,8,0
7,9,0
7,10,0
7,11,0
7,12,0
7,13,0
7,14,0
7,15,0
7,16,0
7,17,0
7,18,0
7,19,0
7,20,0
7,21,0
7,22,0
7,23,0
7,24,2304
7,25,0
7,26,0
7,27,0
7,28,0
7,29,0
7,30,1334
7,31,0
7,32,0
7,33,0
7,34,0
7,35,0
7,36,0
7,37,0
7,38,0
7,39,0
7,40,1167
7,41,1231
7,42,1516
7,43,0
7,44,0
7,45,0
7,46,1250
7,47,1677
7,48,0
7,49,1335
7,50,0
7,51,0
7,52,0
7,53,1400
7,54,0
7,55,0
7,56,0
7,57,0
7,58,1174
7,59,0
7,60,728
7,61,1041
7,62,1226
7,63,756
7,64,0
7,65,0
7,66,0
7,67,0
7,68,0
7,69,0
7,70,0
7,71,0
7,72,0
7,73,0
7,74,0
7,75,0
7,76,0
7,77,0
7,78,0
7,79,0
7,80,0
7,81,1691
7,82,0
7,83,0
7,84,0
7,85,0
7,86,1314
7,87,2176
7,88,1912
7,89,1272
7,90,1420
7,91,2306
7,92,0
7,93,0
7,94,0
7,95,0
7,96,857
7,97,0
7,98,0
7,99,0
7,100,0
7,101,0
7,102,1407
7,103,0
7,104,0
7,105,1451
7,106,0
7,107,0
7,108,0
7,109,0
7,110,0
7,111,0
7,112,0
7,113,0
7,114,1433
7,115,2012
7,116,0
7,117,0
7,118,0
7,119,0
7,120,0
7,121,0
7,122,0
7,123,0
7,124,0
7,125,0
7,126,0
7,127,0
7,128,0
7,129,1003
7,130,0
7,131,0
7,132,0
7,133,0
7,134,0
7,135,0
7,136,0
7,137,1821
7,138,0
7,139,3565
7,140,0
7,141,0
7,142,2091
7,143,0
7,144,1565
7,145,1871
7,146,0
7,147,0
7,148,0
7,149,0
7,150,0
7,151,0
7,152,0
7,153,1325
7,154,0
7,155,0
7,156,0
7,157,0
7,158,0
7,159,1861
7,160,2697
7,161,0
7,162,1403
7,163,0
7,164,0
7,165,0
7,166,0
7,167,0
7,168,1222
7,169,0
7,170,0
7,171,0
7,172,0
7,173,0
7,174,0
7,175,0
7,176,0
7,177,0
7,178,0
7,179,841
7,180,0
7,181,0
7,182,969
7,183,1226
7,184,0
7,185,1586
7,186,0
7,187,0
7,188,0
7,189,0
7,190,0
7,191,0
7,192,0
7,193,1668
7,194,0
7,195,0
7,196,1176
7,197,0
7,198,1268
7,199,1058
7,200,0
7,201,0
7,202,0
7,203,0
7,204,0
7,205,1504
7,206,0
7,207,0
7,208,0
7,209,0
7,210,0
7,211,0
7,212,0
7,213,0
7,214,0
7,215,0
7,216,0
7,217,0
7,218,0
7,219,0
7,220,0
7,221,0
7,222,1073
7,223,0
7,224,2024
7,225,0
7,226,0
7,227,0
7,228,0
7,229,0
7,230,0
7,231,0
7,232,0
7,233,1656
7,234,0
7,235,0
7,236,0
7,237,0
7,238,0
7,239,957
7,240,0
7,241,0
7,242,1354
7,243,0
7,244,0
7,245,0
7,246,2070
7,247,0
7,248,0
7,249,0
7,250,0
7,251,0
7,252,0
7,253,0
7,254,0
7,255,1287
7,256,0
7,257,0
7,258,1438
7,259,1354
7,260,0
7,261,0
7,262,0
7,263,0
7,264,0
7,265,0
7,266,0
7,267,0
7,268,1610
7,269,0
7,270,0
7,271,0
7,272,0
7,273,0
7,274,1174
7,275,0
7,276,0
7,277,0
7,278,0
7,279,0
7,280,969
7,281,0
7,282,1958
7,283,0
7,284,0
7,285,0
7,286,0
7,287,0
7,288,0
7,289,0
7,290,0
7,291,2837
7,292,0
7,293,0
7,294,0
7,295,0
7,296,1386
7,297,939
7,298,0
7,299,0
8,1,0
8,2,0
8,3,0
8,4,0
8,5,0
8,6,0
8,7,0
8,8,0
8,9,0
8,10,0
8,11,0
8,12,1515
8,13,1264
8,14,0
8,15,976
8,16,2834
8,17,1388
8,18,316
8,19,0
8,20,0
8,21,0
8,22,399
8,23,530
8,24,0
8,25,0
8,26,0
8,27,0
8,28,0
8,29,0
8,30,0
8,31,0
8,32,0
8,33,0
8,34,0
8,35,0
8,36,0
8,37,0
8,38,0
8,39,0
8,40,0
8,41,0
8,42,0
8,43,0
8,44,0
8,45,0
8,46,0
8,47,0
8,48,0
8,49,0
8,50,0
8,51,0
8,52,0
8,53,0
8,54,0
8,55,487
8,56,0
8,57,0
8,58,0
8,59,0
8,60,0
8,61,0
8,62,0
8,63,1369
8,64,0
8,65,0
8,66,0
8,67,9619
8,68,0
8,69,765
8,70,1165
8,71,1029
8,72,0
8,73,1569
8,74,1217
8,75,0
8,76,0
8,77,0
8,78,0
8,79,0
8,80,0
8,81,0
8,82,262
8,83,0
8,84,460
8,85,696
8,86,533
8,87,0
8,88,0
8,89,0
8,90,0
8,91,0
8,92,0
8,93,0
8,94,0
8,95,0
8,96,0
8,97,0
8,98,0
8,99,0
8,100,0
8,101,0
8,102,0
8,103,0
8,104,0
8,105,0
8,106,0
8,107,0
8,108,0
8,109,0
8,110,0
8,111,0
8,112,0
8,113,0
8,114,0
8,115,0
8,116,0
8,117,0
8,118,0
8,119,0
8,120,0
8,121,0
8,122,0
8,123,0
8,124,0
8,125,0
8,126,0
8,127,0
8,128,0
8,129,0
8,130,0
8,131,0
8,132,0
8,133,0
8,134,0
8,135,0
8,136,0
8,137,0
8,138,0
8,139,0
8,140,0
8,141,0
8,142,0
8,143,0
8,144,0
8,145,0
8,146,0
8,147,0
8,148,0
8,149,0
8,150,0
8,151,0
8,152,0
8,153,0
8,154,0
8,155,1928
8,156,0
8,157,0
8,158,0
8,159,991
8,160,1160
8,161,0
8,162,0
8,163,0
8,164,0
8,165,0
8,166,0
8,167,0
8,168,0
8,169,0
8,170,0
8,171,0
8,172,773
8,173,603
8,174,576
8,175,1212
8,176,0
8,177,719
8,178,0
8,179,0
8,180,540
8,181,0
8,182,0
8,183,0
8,184,0
8,185,0
8,186,0
8,187,0
8,188,0
8,189,0
8,190,3193
8,191,0
8,192,0
8,193,0
8,194,0
8,195,0
8,196,0
8,197,0
8,198,0
8,199,0
8,200,0
8,201,0
8,202,0
8,203,213
8,204,0
8,205,0
8,206,511
8,207,0
8,208,0
8,209,0
8,210,771
8,211,0
8,212,0
8,213,0
8,214,0
8,215,0
8,216,0
8,217,0
8,218,0
8,219,0
8,220,0
8,221,0
8,222,0
8,223,0
8,224,0
8,225,0
8,226,0
8,227,0
8,228,0
8,229,0
8,230,0
8,231,0
8,232,0
8,233,0
8,234,0
8,235,0
8,236,0
8,237,0
8,238,583
8,239,0
8,240,0
8,241,0
8,242,0
8,243,0
8,244,0
8,245,0
8,246,0
8,247,0
8,248,0
8,249,0
8,250,0
8,251,0
8,252,0
8,253,0
8,254,0
8,255,0
8,256,0
8,257,0
8,258,0
8,259,0
8,260,0
8,261,0
8,262,0
8,263,0
8,264,0
8,265,0
8,266,0
8,267,0
8,268,0
8,269,489
8,270,822
8,271,0
8,272,0
8,273,0
8,274,0
8,275,0
8,276,0
8,277,0
8,278,0
8,279,0
8,280,0
8,281,0
8,282,0
8,283,0
8,284,0
8,285,0
8,286,745
8,287,0
8,288,0
8,289,0
8,290,0
8,291,0
8,292,0
8,293,0
8,294,0
8,295,0
8,296,947
8,297,0
8,298,0
8,299,0
9,1,1947
9,2,1606
9,3,1278
9,4,1622
9,5,0
9,6,1305
9,7,0
9,8,2373
9,9,1117
9,10,2174
9,11,2535
9,12,3874
9,13,2573
9,14,1453
9,15,1576
9,16,1991
9,17,2327
9,18,1038
9,19,490
9,20,0
9,21,1273
9,22,1534
9,23,1091
9,24,3326
9,25,0
9,26,1236
9,27,1393
9,28,1987
9,29,1828
9,30,0
9,31,0
9,32,914
9,33,0
9,34,1072
9,35,1387
9,36,2785
9,37,0
9,38,0
9,39,0
9,40,0
9,41,668
9,42,0
9,43,2037
9,44,1756
9,45,0
9,46,0
9,47,1691
9,48,0
9,49,0
9,50,0
9,51,0
9,52,0
9,53,1458
9,54,0
9,55,939
9,56,1461
9,57,2361
9,58,2684
9,59,4617
9,60,2559
9,61,2484
9,62,5032
9,63,2462
9,64,0
9,65,4887
9,66,1567
9,67,7809
9,68,3253
9,69,1739
9,70,3717
9,71,3976
9,72,2607
9,73,3495
9,74,0
9,75,648
9,76,1339
9,77,0
9,78,0
9,79,0
9,80,0
9,81,0
9,82,0
9,83,627
9,84,1096
9,85,2010
9,86,0
9,87,0
9,88,0
9,89,1536
9,90,1126
9,91,0
9,92,0
9,93,0
9,94,0
9,95,0
9,96,806
9,97,0
9,98,0
9,99,0
9,100,1414
9,101,0
9,102,0
9,103,0
9,104,0
9,105,0
9,106,0
9,107,0
9,108,1508
9,109,0
9,110,0
9,111,0
9,112,1606
9,113,0
9,114,0
9,115,0
9,116,0
9,117,0
9,118,0
9,119,0
9,120,0
9,121,0
9,122,0
9,123,1276
9,124,0
9,125,0
9,126,3182
9,127,0
9,128,1124
9,129,0
9,130,0
9,131,1415
9,132,0
9,133,1975
9,134,0
9,135,1607
9,136,1482
9,137,0
9,138,0
9,139,0
9,140,0
9,141,0
9,142,993
9,143,1524
9,144,941
9,145,1239
9,146,0
9,147,1447
9,148,0
9,149,0
9,150,0
9,151,0
9,152,1876
9,153,2034
9,154,0
9,155,0
9,156,3562
9,157,3521
9,158,0
9,159,0
9,160,2768
9,161,0
9,162,0
9,163,0
9,164,0
9,165,0
9,166,0
9,167,1910
9,168,1311
9,169,2375
9,170,3330
9,171,2005
9,172,1789
9,173,3190
9,174,1657
9,175,2865
9,176,2011
9,177,2417
9,178,4450
9,179,1467
9,180,1679
9,181,2620
9,182,1307
9,183,1026
9,184,2507
9,185,3056
9,186,2576
9,187,2651
9,188,0
9,189,2869
9,190,5010
9,191,5612
9,192,5198
9,193,1858
9,194,3620
9,195,5717
9,196,3823
9,197,3285
9,198,0
9,199,2623
9,200,3741
9,201,3629
9,202,2927
9,203,1617
9,204,8792
9,205,2111
9,206,2687
9,207,4163
9,208,5929
9,209,4820
9,210,3430
9,211,4540
9,212,0
9,213,0
9,214,11878
9,215,5882
9,216,7093
9,217,2752
9,218,3223
9,219,2803
9,220,3450
9,221,6250
9,222,6177
9,223,0
9,224,4264
9,225,0
9,226,0
9,227,6563
9,228,22378
9,229,0
9,230,6030
9,231,5875
9,232,10184
9,233,12922
9,234,15496
9,235,7295
9,236,4203
9,237,4434
9,238,0
9,239,3362
9,240,4199
9,241,11980
9,242,4229
9,243,8619
9,244,3058
9,245,3706
9,246,9191
9,247,0
9,248,0
9,249,5488
9,250,0
9,251,0
9,252,3204
9,253,13080
9,254,7379
9,255,9222
9,256,7805
9,257,6445
9,258,0
9,259,0
9,260,0
9,261,0
9,262,0
9,263,0
9,264,0
9,265,3644
9,266,3128
9,267,1896
9,268,0
9,269,0
9,270,0
9,271,0
9,272,2657
9,273,2809
9,274,1792
9,275,1444
9,276,0
9,277,2255
9,278,2824
9,279,0
9,280,1596
9,281,0
9,282,0
9,283,0
9,284,0
9,285,1869
9,286,1405
9,287,0
9,288,1414
9,289,0
9,290,0
9,291,0
9,292,1576
9,293,1338
9,294,2085
9,295,0
9,296,1592
9,297,1352
9,298,2232
9,299,1783
10,1,0
10,2,0
10,3,0
10,4,0
10,5,0
10,6,0
10,7,0
10,8,0
10,9,0
10,10,0
10,11,0
10,12,0
10,13,0
10,14,0
10,15,2161
10,16,0
10,17,0
10,18,0
10,19,0
10,20,0
10,21,0
10,22,0
10,23,0
10,24,0
10,25,0
10,26,0
10,27,0
10,28,0
10,29,0
10,30,0
10,31,0
10,32,0
10,33,0
10,34,0
10,35,0
10,36,0
10,37,0
10,38,0
10,39,0
10,40,0
10,41,0
10,42,0
10,43,0
10,44,0
10,45,0
10,46,0
10,47,0
10,48,0
10,49,0
10,50,0
10,51,0
10,52,0
10,53,0
10,54,0
10,55,0
10,56,0
10,57,0
10,58,0
10,59,0
10,60,0
10,61,0
10,62,0
10,63,0
10,64,0
10,65,0
10,68,0
10,69,0
10,75,0
10,76,0
10,77,0
10,78,0
10,79,0
10,80,0
10,81,0
10,82,0
10,83,0
10,84,0
10,85,0
10,86,0
10,87,0
10,88,0
10,89,0
10,90,0
10,91,0
10,92,0
10,93,0
10,94,0
10,95,0
10,96,0
10,97,0
10,98,0
10,99,0
10,100,0
10,101,0
10,102,0
10,103,0
10,104,0
10,105,0
10,106,0
10,107,0
10,108,0
10,109,0
10,110,0
10,111,0
10,112,0
10,113,0
10,114,0
10,115,0
10,116,0
10,117,0
10,118,0
10,119,0
10,120,0
10,121,0
10,122,0
10,123,0
10,124,0
10,125,0
10,126,0
10,127,0
10,128,0
10,129,0
10,130,0
10,131,0
10,132,0
10,133,0
10,134,0
10,135,0
10,136,0
10,137,0
10,138,0
10,139,0
10,140,0
10,141,0
10,142,0
10,143,0
10,144,0
10,145,0
10,146,0
10,147,0
10,148,0
10,149,0
10,150,0
10,151,0
10,152,0
10,153,0
10,154,0
10,155,0
10,156,0
10,157,0
10,158,0
10,159,0
10,160,0
10,161,0
10,162,0
10,163,0
10,164,0
10,165,0
10,166,0
10,167,0
10,168,0
10,169,0
10,170,0
10,171,0
10,172,0
10,173,0
10,174,0
10,175,0
10,176,0
10,177,0
10,178,0
10,179,0
10,180,0
10,181,0
10,182,0
10,183,0
10,184,0
10,185,0
10,186,0
10,187,0
10,188,0
10,212,0
10,213,0
10,214,0
10,215,0
10,216,0
10,217,0
10,218,0
10,219,0
10,220,0
10,221,0
10,222,0
10,223,0
10,224,0
10,225,0
10,226,0
10,227,0
10,228,0
10,229,0
10,230,0
10,231,0
10,232,0
10,233,0
10,234,0
10,235,0
10,236,0
10,237,0
10,238,0
10,239,0
10,240,0
10,241,0
10,242,0
10,243,0
10,244,0
10,245,0
10,246,0
10,247,0
10,248,0
10,249,0
10,250,0
10,251,0
10,252,0
10,253,0
10,254,0
10,255,0
10,256,0
10,257,0
10,258,1576
10,259,1807
10,260,0
10,261,0
10,262,0
10,263,0
10,264,0
10,265,0
10,266,0
10,267,0
10,268,0
10,269,0
10,270,0
10,271,2412
10,272,0
10,273,0
10,274,0
10,275,0
10,276,0
10,277,0
10,278,2991
10,279,3892
10,280,2008
10,281,2890
10,282,0
10,283,3180
10,284,0
10,285,0
10,286,0
10,287,0
10,288,0
10,289,0
10,290,0
10,291,0
10,292,0
10,293,0
10,294,0
10,295,0
11,1,0
11,2,0
11,3,0
11,4,0
11,5,0
11,6,0
11,7,0
11,8,0
11,9,0
11,10,0
11,11,0
11,12,0
11,13,0
11,14,591
11,15,0
11,16,0
11,17,0
11,18,1090
11,19,0
11,20,983
11,21,0
11,22,0
11,23,1296
11,24,0
11,25,0
11,26,0
11,27,809
11,28,0
11,29,0
11,30,0
11,31,0
11,32,0
11,33,0
11,34,0
11,35,0
11,36,0
11,37,0
11,38,0
11,39,0
11,40,0
11,41,0
11,42,0
11,43,0
11,44,0
11,45,0
11,46,0
11,47,0
11,48,0
11,49,0
11,50,0
11,51,0
11,52,0
11,53,0
11,56,0
11,57,0
11,58,0
11,59,0
11,60,0
11,61,0
11,62,0
11,63,0
11,64,0
11,65,0
11,66,0
11,67,0
11,68,0
11,69,0
11,70,0
11,71,0
11,72,0
11,73,0
11,74,0
11,75,715
11,76,950
11,77,0
11,78,998
11,79,0
11,80,0
11,81,0
11,82,0
11,83,0
11,84,0
11,85,0
11,86,0
11,87,1426
11,88,1005
11,89,0
11,90,0
11,91,0
11,92,0
11,93,0
11,94,0
11,95,0
11,96,0
11,97,0
11,98,0
11,99,0
11,100,0
11,101,0
11,102,0
11,103,0
11,104,0
11,105,0
11,106,0
11,107,0
11,108,0
11,109,0
11,110,0
11,111,0
11,112,0
11,113,0
11,114,0
11,115,0
11,116,0
11,117,0
11,118,0
11,119,0
11,120,0
11,121,0
11,122,0
11,123,0
11,124,0
11,125,0
11,126,0
11,127,0
11,128,0
11,129,1027
11,130,0
11,131,0
11,132,0
11,133,0
11,134,0
11,135,0
11,136,871
11,137,0
11,138,0
11,139,0
11,140,0
11,141,0
11,142,0
11,143,0
11,144,0
11,145,0
11,146,0
11,147,0
11,148,1002
11,149,0
11,150,0
11,151,0
11,152,0
11,153,0
11,154,0
11,155,0
11,156,0
11,157,0
11,158,0
11,159,1481
11,160,2141
11,161,0
11,162,0
11,163,0
11,164,0
11,165,0
11,166,0
11,167,0
11,168,0
11,169,0
11,170,0
11,171,0
11,172,0
11,173,0
11,174,0
11,175,0
11,176,0
11,177,0
11,178,0
11,179,0
11,180,0
11,181,0
11,182,0
11,183,0
11,184,0
11,185,0
11,186,0
11,187,0
11,188,0
11,189,1929
11,190,0
11,191,0
11,192,0
11,193,1541
11,194,0
11,195,0
11,196,1822
11,197,0
11,198,0
11,199,0
11,200,1131
11,201,1201
11,202,1390
11,203,0
11,204,0
11,205,2355
11,206,1030
11,207,0
11,208,0
11,209,0
11,210,0
11,211,0
11,212,3637
11,213,4418
11,214,3250
11,215,3018
11,216,2656
11,217,2893
11,218,2693
11,219,2679
11,220,3033
11,221,3228
11,222,4053
11,223,0
11,224,3119
11,225,3537
11,226,4629
11,227,0
11,228,3979
11,229,4003
11,230,3131
11,231,2749
11,232,2851
11,233,4599
11,234,3624
11,235,1613
11,236,1942
11,237,0
11,238,1659
11,239,0
11,240,2064
11,241,4244
11,242,2650
11,243,0
11,244,2342
11,245,0
11,246,2271
11,247,2798
11,248,2083
11,249,1987
11,250,1973
11,251,3072
11,252,2375
11,253,3823
11,254,1991
11,255,2391
11,256,2233
11,257,3813
11,258,721
11,259,613
11,260,0
11,261,0
11,262,0
11,263,0
11,264,1661
11,265,0
11,266,0
11,267,1210
11,268,1934
11,269,0
11,270,0
11,271,0
11,272,0
11,273,0
11,274,0
11,275,0
11,276,2063
11,277,0
11,278,0
11,279,0
11,280,0
11,281,0
11,282,0
11,283,1698
11,284,0
11,285,1814
11,286,0
11,287,0
11,288,1008
11,289,0
11,290,0
11,291,0
11,292,1724
11,293,1412
11,294,2483
11,295,0
12,1,0
12,2,0
12,3,0
12,4,0
12,5,4017
12,6,0
12,7,0
12,8,0
12,9,0
12,10,0
12,11,0
12,12,0
12,13,0
12,14,3132
12,15,0
12,16,1499
12,17,0
12,18,4929
12,19,3471
12,20,0
12,21,0
12,22,3026
12,23,0
12,24,0
12,25,1298
12,26,1749
12,27,0
12,28,0
12,29,0
12,30,0
12,31,951
12,32,0
12,33,0
12,34,0
12,35,0
12,36,0
12,37,0
12,38,0
12,39,0
12,40,0
12,41,2401
12,42,4168
12,43,0
12,44,0
12,45,0
12,46,0
12,47,0
12,48,0
12,49,0
12,50,0
12,51,0
12,52,0
12,53,2159
12,54,4744
12,55,3009
12,56,1502
12,57,2163
12,58,3351
12,59,0
12,60,0
12,61,4575
12,62,0
12,63,2582
12,64,3212
12,65,0
12,66,0
12,67,0
12,68,0
12,69,0
12,70,0
12,71,0
12,72,2186
12,73,0
12,74,0
12,75,5342
12,76,5810
12,77,2828
12,78,3224
12,79,3681
12,80,3292
12,81,3852
12,82,5048
12,83,12345
12,84,3521
12,85,0
12,86,4392
12,87,0
12,88,0
12,89,0
12,90,0
12,91,0
12,92,0
12,93,3369
12,94,3689
12,95,3632
12,96,2617
12,97,0
12,98,0
12,99,0
12,100,0
12,101,3990
12,102,2536
12,103,2403
12,104,0
12,105,0
12,106,0
12,107,0
12,108,0
12,109,1956
12,110,2308
12,111,0
12,112,0
12,113,0
12,114,1846
12,115,0
12,116,0
12,117,0
12,118,0
12,119,0
12,120,0
12,121,0
12,122,0
12,123,0
12,124,0
12,125,0
12,126,0
12,127,0
12,128,0
12,129,2722
12,130,1886
12,131,0
12,132,3473
12,133,0
12,134,0
12,135,0
12,136,0
12,137,0
12,138,0
12,139,0
12,140,0
12,141,0
12,142,0
12,143,0
12,144,0
12,145,0
12,146,0
12,147,0
12,148,2190
12,149,0
12,150,0
12,151,0
12,152,4173
12,153,5191
12,154,0
12,155,0
12,156,0
12,157,0
12,158,0
12,159,3680
12,160,4997
12,161,0
12,162,3432
12,163,0
12,164,0
12,165,0
12,166,0
12,167,0
12,168,2180
12,169,0
12,170,0
12,171,0
12,172,2024
12,173,0
12,174,0
12,175,0
12,176,0
12,177,0
12,178,0
12,179,1963
12,180,1905
12,181,0
12,182,2493
12,183,3221
12,184,0
12,185,0
12,186,0
12,187,0
12,188,0
12,189,0
12,190,0
12,191,0
12,192,0
12,193,3691
12,194,0
12,195,0
12,196,0
12,197,0
12,198,0
12,199,1723
12,200,0
12,201,0
12,202,0
12,203,1869
12,204,0
12,205,2963
12,206,0
12,207,0
12,208,0
12,209,2526
12,210,1889
12,211,0
12,212,0
12,213,0
12,214,0
12,215,0
12,216,1859
12,217,2188
12,218,0
12,219,2415
12,220,0
12,221,0
12,222,0
12,223,0
12,224,0
12,225,0
12,226,0
12,227,0
12,228,0
12,229,0
12,230,0
12,231,0
12,232,0
12,233,0
12,234,0
12,235,0
12,236,0
12,237,1662
12,238,0
12,239,1253
12,240,0
12,241,0
12,242,0
12,243,0
12,244,0
12,245,0
12,246,0
12,247,0
12,248,0
12,249,0
12,250,0
12,251,3828
12,252,0
12,253,0
12,254,0
12,255,0
12,256,0
12,257,0
12,258,1755
12,259,1549
12,260,0
12,261,0
12,262,0
12,263,0
12,264,0
12,265,0
12,266,0
12,267,2167
12,268,0
12,269,0
12,270,0
12,271,2899
12,272,2261
12,273,0
12,274,2183
12,275,2337
12,276,0
12,277,1937
12,278,1498
12,279,0
12,280,0
12,281,2538
12,282,0
12,283,0
12,284,0
12,285,0
12,286,0
12,287,1552
12,288,0
12,289,1539
12,290,2293
12,291,0
12,292,0
12,293,0
12,294,0
12,295,0
12,296,0
12,297,1741
12,298,0
12,299,2209
13,212,0
13,213,3884
13,214,2262
13,215,3080
13,216,2200
13,217,1168
13,218,1390
13,219,1190
13,220,1690
13,221,0
13,222,4495
13,223,5562
13,224,2253
13,225,4547
13,226,3855
13,227,3607
13,228,3446
13,229,0
13,230,2776
13,231,2626
13,232,1835
13,233,0
13,234,0
13,235,3103
13,236,821
13,237,0
13,238,0
13,239,0
13,240,0
13,241,0
13,242,0
13,243,809
13,244,0
13,245,0
13,246,0
13,247,0
13,248,0
13,249,0
13,250,1525
13,251,0
13,252,0
13,253,0
13,254,0
13,255,0
13,256,1838
13,257,2660
14,87,0
14,88,0
14,89,0
14,90,0
14,91,0
14,92,0
14,93,0
14,94,0
14,95,0
14,96,0
14,97,5374
14,98,942
14,99,0
14,100,0
14,101,0
14,102,0
14,103,0
14,104,0
14,105,0
14,106,0
14,107,0
14,108,0
14,109,0
14,110,0
14,111,0
14,112,0
14,113,0
14,114,0
14,115,0
14,116,0
14,117,0
14,118,0
14,119,0
14,120,0
14,121,0
14,122,0
14,123,0
14,124,0
14,125,0
14,126,0
14,127,0
14,128,0
14,129,0
14,130,0
14,131,0
14,132,0
14,133,0
14,134,0
14,135,0
14,136,0
14,137,0
14,138,0
14,139,0
14,140,0
14,141,0
14,142,0
14,143,0
14,144,0
14,145,0
14,146,0
14,147,0
14,148,0
14,149,0
14,150,0
14,258,0
14,259,0
14,260,0
14,261,0
14,262,0
14,263,0
14,264,0
14,265,0
14,266,0
14,267,0
14,268,0
14,269,0
14,270,0
14,271,0
14,272,0
14,273,0
14,274,0
14,275,0
14,276,0
14,277,0
14,278,0
14,279,0
14,280,0
14,281,0
14,282,0
14,283,0
14,284,0
14,285,0
14,286,0
14,287,0
14,288,0
14,289,0
14,290,0
14,291,0
14,292,0
14,293,0
14,294,0
14,295,0
15,87,0
15,88,0
15,89,0
15,90,0
15,91,0
15,92,0
15,93,0
15,94,0
15,95,0
15,96,0
15,97,0
15,98,0
15,99,0
15,100,0
15,101,0
15,102,0
15,103,0
15,104,0
15,105,0
15,106,0
15,107,0
15,108,0
15,109,0
15,110,0
15,111,0
15,112,0
15,113,0
15,114,0
15,115,0
15,116,0
15,117,0
15,118,0
15,119,0
15,120,0
15,121,0
15,122,0
15,123,0
15,124,0
15,125,0
15,126,0
15,127,0
15,128,0
15,129,0
15,130,0
15,131,0
15,132,0
15,133,0
15,134,0
15,135,0
15,136,0
15,137,0
15,138,0
15,139,0
15,140,0
15,141,0
15,142,0
15,143,0
15,144,0
15,145,0
15,146,0
15,147,0
15,148,0
15,149,0
15,150,0
15,191,0
15,194,0
15,195,0
15,197,0
15,198,0
15,199,0
15,200,0
15,201,0
15,202,0
15,203,0
15,204,0
15,205,0
15,206,0
15,207,0
15,208,0
15,209,0
15,210,0
15,211,0
15,212,0
15,213,0
15,214,0
15,215,0
15,216,0
15,217,0
15,218,0
15,219,0
15,220,0
15,221,0
15,222,0
15,223,0
15,224,0
15,225,0
15,226,0
15,227,0
15,228,0
15,229,0
15,230,0
15,231,0
15,232,0
15,233,0
15,234,0
15,235,0
15,236,0
15,237,0
15,238,0
15,239,0
15,240,0
15,241,0
15,242,0
15,243,0
15,244,0
15,245,0
15,246,0
15,247,0
15,248,0
15,249,0
15,250,0
15,251,0
15,252,0
15,253,0
15,254,0
15,255,0
15,256,0
15,257,0
15,258,0
15,259,0
15,260,0
15,261,0
15,262,0
15,263,0
15,264,0
15,265,0
15,266,0
15,267,0
15,268,0
15,269,0
15,270,0
15,271,0
15,272,0
15,273,0
15,274,0
15,275,0
15,276,0
15,277,0
15,278,0
15,279,0
15,280,0
15,281,0
15,282,0
15,283,0
15,284,0
15,285,0
15,286,0
15,287,0
15,288,0
15,289,0
15,290,0
15,291,0
15,292,0
15,293,0
15,294,0
15,295,0
15,296,0
15,297,242
15,298,0
15,299,0
16,1,0
16,2,0
16,3,161
16,4,0
16,5,266
16,6,0
16,7,0
16,8,0
16,9,0
16,10,0
16,11,954
16,12,440
16,13,0
16,14,396
16,15,407
16,16,0
16,17,423
16,18,317
16,19,256
16,20,297
16,21,0
16,22,0
16,23,253
16,24,0
16,25,0
16,26,182
16,27,0
16,28,0
16,29,0
16,30,0
16,31,0
16,32,0
16,33,0
16,34,0
16,35,0
16,36,0
16,37,0
16,38,0
16,39,0
16,40,0
16,41,163
16,42,235
16,43,0
16,44,0
16,45,277
16,46,0
16,47,0
16,48,0
16,49,0
16,50,344
16,51,152
16,52,0
16,53,169
16,54,350
16,55,150
16,56,374
16,57,0
16,58,0
16,59,0
16,60,0
16,61,0
16,62,0
16,63,398
16,64,0
16,65,0
16,66,0
16,67,0
16,68,441
16,69,461
16,70,0
16,71,552
16,72,585
16,73,0
16,74,0
16,75,360
16,76,0
16,77,0
16,78,280
16,79,0
16,80,0
16,81,0
16,82,294
16,83,305
16,84,322
16,85,0
16,86,282
16,87,0
16,88,0
16,89,0
16,90,0
16,91,0
16,92,0
16,93,308
16,94,242
16,95,312
16,96,0
16,97,0
16,98,0
16,99,0
16,100,0
16,101,350
16,102,236
16,103,266
16,104,0
16,105,0
16,106,336
16,107,295
16,108,0
16,109,0
16,110,171
16,111,0
16,112,0
16,113,264
16,114,238
16,115,517
16,116,368
16,117,269
16,118,339
16,119,257
16,120,208
16,121,327
16,122,1378
16,123,602
16,124,0
16,125,256
16,126,0
16,127,0
16,128,138
16,129,107
16,130,0
16,131,0
16,132,293
16,133,0
16,134,0
16,135,0
16,136,0
16,137,0
16,138,278
16,139,688
16,140,492
16,141,408
16,142,362
16,143,0
16,144,161
16,145,0
16,146,0
16,147,0
16,148,0
16,149,0
16,150,0
16,151,0
16,152,0
16,153,407
16,154,0
16,155,0
16,156,0
16,157,0
16,158,0
16,159,0
16,160,372
16,161,0
16,162,0
16,163,0
16,164,0
16,165,0
16,166,0
16,167,0
16,168,313
16,169,0
16,170,0
16,171,0
16,172,0
16,173,405
16,174,0
16,175,0
16,176,0
16,177,0
16,178,0
16,179,0
16,180,0
16,181,0
16,182,209
16,183,176
16,184,276
16,185,0
16,186,490
16,187,0
16,188,0
16,189,0
16,190,689
16,191,0
16,192,0
16,193,0
16,194,0
16,195,0
16,196,604
16,197,169
16,198,0
16,199,0
16,200,0
16,201,0
16,202,0
16,203,0
16,204,0
16,205,0
16,206,0
16,207,412
16,208,0
16,209,0
16,210,0
16,211,0
16,212,0
16,213,0
16,214,0
16,215,0
16,216,120
16,217,160
16,218,0
16,219,164
16,220,0
16,221,0
16,222,0
16,223,0
16,224,0
16,225,0
16,226,0
16,227,0
16,228,0
16,229,0
16,230,0
16,231,0
16,232,0
16,233,0
16,234,0
16,235,0
16,236,352
16,237,0
16,238,136
16,239,0
16,240,0
16,241,0
16,242,0
16,243,0
16,244,364
16,245,0
16,246,0
16,247,344
16,248,0
16,249,0
16,250,263
16,251,0
16,252,406
16,253,0
16,254,0
16,255,0
16,256,0
16,257,0
16,258,215
16,259,347
16,260,346
16,261,355
16,262,325
16,263,354
16,264,291
16,265,453
16,266,287
16,267,302
16,268,265
16,269,279
16,270,382
16,271,250
16,272,0
16,273,0
16,274,196
16,275,286
16,276,0
16,277,0
16,278,0
16,279,0
16,280,173
16,281,237
16,282,0
16,283,0
16,284,0
16,285,0
16,286,201
16,287,0
16,288,0
16,289,244
16,290,285
16,291,300
16,292,0
16,293,0
16,294,131
16,295,541
16,296,355
16,297,0
16,298,0
16,299,217
17,75,203
17,76,451
17,77,400
17,78,0
17,79,555
17,80,443
17,81,403
17,82,260
17,83,0
17,84,318
17,85,0
17,86,0
17,87,0
17,88,0
17,89,0
17,90,0
17,91,0
17,92,0
17,93,0
17,94,0
17,95,0
17,96,0
17,97,0
17,98,0
17,99,0
17,100,0
17,101,0
17,102,0
17,103,0
17,104,0
17,105,0
17,106,0
17,107,0
17,108,0
17,109,0
17,110,0
17,111,0
17,112,0
17,113,0
17,114,0
17,115,0
17,116,0
17,117,0
17,118,0
17,119,0
17,120,0
17,121,0
17,122,0
17,123,0
17,124,0
17,125,0
17,126,0
17,127,0
17,128,0
17,129,0
17,130,0
17,131,0
17,132,0
17,133,0
17,134,0
17,135,0
17,136,0
17,137,0
17,138,0
17,139,0
17,140,0
17,141,0
17,142,0
17,143,0
17,144,0
17,145,0
17,146,0
17,147,0
17,148,0
17,149,0
17,150,0
17,151,0
17,152,550
17,153,380
17,154,0
17,155,1263
17,156,635
17,157,1722
17,158,2319
17,159,669
17,160,499
17,161,1772
17,162,789
17,163,0
17,164,0
17,165,0
17,166,0
17,167,0
17,168,0
17,169,0
17,170,0
17,171,0
17,172,0
17,173,0
17,174,0
17,175,0
17,176,0
17,177,0
17,178,0
17,179,0
17,180,0
17,181,0
17,182,0
17,183,0
17,184,0
17,185,0
17,186,0
17,187,0
17,188,0
17,205,0
17,206,0
17,212,787
17,213,0
17,214,0
17,215,0
17,216,0
17,217,119
17,218,299
17,219,172
17,220,225
17,221,0
17,222,198
17,223,0
17,224,0
17,225,0
17,226,0
17,227,0
17,228,0
17,229,0
17,230,0
17,231,0
17,232,0
17,233,0
17,234,0
17,235,0
17,236,0
17,237,0
17,238,0
17,239,0
17,240,0
17,241,0
17,242,0
17,243,0
17,244,0
17,245,0
17,246,0
17,247,0
17,248,0
17,249,0
17,250,0
17,251,0
17,252,330
17,253,0
17,254,0
17,255,0
17,256,0
17,257,0
17,258,86
17,259,113
17,260,0
17,261,0
17,262,0
17,263,0
17,264,0
17,265,0
17,266,0
17,267,0
17,268,0
17,269,0
17,270,0
17,271,0
17,272,0
17,273,0
17,274,0
17,275,0
17,276,0
17,277,0
17,278,0
17,279,0
17,280,0
17,281,0
17,282,0
17,283,0
17,284,0
17,285,0
17,286,0
17,287,0
17,288,0
17,289,0
17,290,0
17,291,0
17,292,0
17,293,0
17,294,0
17,295,0
18,75,275
18,76,0
18,77,0
18,78,0
18,79,0
18,80,0
18,81,197
18,82,0
18,83,0
18,84,0
18,85,0
18,86,0
18,87,0
18,88,0
18,89,0
18,90,0
18,91,0
18,92,0
18,93,0
18,94,0
18,95,0
18,96,0
18,97,0
18,98,0
18,99,0
18,100,0
18,101,0
18,102,0
18,103,0
18,104,0
18,105,0
18,106,0
18,107,0
18,108,0
18,109,0
18,110,0
18,111,0
18,112,0
18,113,0
18,114,0
18,115,0
18,116,0
18,117,0
18,118,0
18,119,0
18,120,0
18,121,0
18,122,0
18,123,0
18,124,0
18,125,0
18,126,0
18,127,0
18,128,0
18,129,0
18,130,0
18,131,0
18,132,0
18,133,0
18,134,0
18,135,0
18,136,0
18,137,0
18,138,0
18,139,0
18,140,0
18,141,0
18,142,0
18,143,0
18,144,0
18,145,0
18,146,0
18,147,0
18,148,0
18,149,0
18,150,0
18,152,334
18,167,0
18,168,0
18,169,0
18,170,0
18,171,0
18,172,0
18,173,0
18,174,0
18,175,0
18,176,0
18,177,0
18,178,0
18,179,0
18,180,0
18,181,0
18,182,97
18,183,0
18,184,0
18,185,0
18,186,0
18,187,0
18,188,0
19,87,0
19,88,0
19,89,0
19,90,0
19,91,0
19,92,0
19,93,0
19,94,0
19,95,0
19,96,0
19,97,0
19,98,0
19,99,0
19,100,0
19,101,0
19,102,0
19,103,0
19,104,0
19,105,0
19,106,0
19,107,0
19,108,0
19,109,0
19,110,0
19,111,0
19,112,0
19,113,0
19,114,0
19,115,0
19,116,0
19,117,0
19,118,0
19,119,0
19,120,0
19,121,0
19,122,0
19,123,0
19,124,0
19,125,0
19,126,0
19,127,0
19,128,0
19,129,0
19,130,0
19,131,0
19,132,0
19,133,0
19,134,0
19,135,0
19,136,0
19,137,0
19,138,0
19,139,0
19,140,0
19,141,0
19,142,0
19,143,0
19,144,0
19,145,0
19,146,0
19,147,0
19,148,0
19,149,0
19,150,0
19,258,0
19,259,0
19,260,0
19,261,0
19,262,0
19,263,0
19,264,0
19,265,0
19,266,0
19,267,248
19,268,0
19,269,0
19,270,0
19,271,151
19,272,187
19,273,148
19,274,0
19,275,0
19,276,0
19,277,0
19,278,240
19,279,168
19,280,0
19,281,0
19,282,0
19,283,0
19,284,0
19,285,0
19,286,0
19,287,0
19,288,0
19,289,0
19,290,0
19,291,0
19,292,0
19,293,0
19,294,0
19,295,0
20,87,0
20,88,0
20,89,0
20,90,0
20,91,0
20,92,0
20,93,0
20,94,0
20,95,0
20,96,0
20,97,0
20,98,0
20,99,0
20,100,0
20,101,0
20,102,0
20,103,0
20,104,0
20,105,0
20,106,0
20,107,0
20,108,0
20,109,0
20,110,0
20,111,0
20,112,0
20,113,0
20,114,0
20,115,0
20,116,0
20,117,0
20,118,0
20,119,0
20,120,0
20,121,0
20,122,0
20,123,0
20,124,0
20,125,0
20,126,0
20,127,0
20,128,0
20,129,0
20,130,0
20,131,0
20,132,0
20,133,0
20,134,0
20,135,0
20,136,0
20,137,0
20,138,0
20,139,0
20,140,0
20,141,0
20,142,0
20,143,0
20,144,0
20,145,0
20,146,0
20,147,0
20,148,0
20,149,0
20,150,0
21,66,0
21,67,0
21,68,0
21,69,4102
21,70,0
21,71,0
21,72,0
21,73,0
21,74,0
21,258,0
21,259,0
21,260,0
21,261,0
21,262,0
21,263,0
21,264,0
21,265,0
21,266,0
21,267,0
21,268,0
21,269,0
21,270,0
21,271,0
21,272,0
21,273,0
21,274,0
21,275,0
21,276,0
21,277,0
21,278,0
21,279,0
21,280,0
21,281,0
21,282,0
21,283,0
21,284,0
21,285,2012
21,286,0
21,287,0
21,288,0
21,289,0
21,290,0
21,291,0
21,292,0
21,293,0
21,294,0
21,295,0
22,75,0
22,76,0
22,77,0
22,78,0
22,79,0
22,80,0
22,81,0
22,82,0
22,83,672
22,84,0
22,85,0
22,86,0
23,1,0
23,2,0
23,3,0
23,4,0
23,5,0
23,6,0
23,7,0
23,8,0
23,9,0
23,10,0
23,11,0
23,12,0
23,13,0
23,14,0
23,15,0
23,16,0
23,17,0
23,18,0
23,19,0
23,20,0
23,21,0
23,22,0
23,23,0
23,24,0
23,25,0
23,26,0
23,27,0
23,28,0
23,29,0
23,30,0
23,31,0
23,32,0
23,33,0
23,34,0
23,35,0
23,36,0
23,37,0
23,38,0
23,39,0
23,40,0
23,41,0
23,42,0
23,43,0
23,44,0
23,45,0
23,46,0
23,47,0
23,48,0
23,49,0
23,50,0
23,51,0
23,52,0
23,53,0
23,54,0
23,55,0
23,56,0
23,57,0
23,58,0
23,59,0
23,60,0
23,61,0
23,62,0
23,63,0
23,64,0
23,65,0
23,66,0
23,67,0
23,68,0
23,69,0
23,70,0
23,71,0
23,72,0
23,73,0
23,74,0
23,75,0
23,76,0
23,77,0
23,78,0
23,79,0
23,80,0
23,81,0
23,82,0
23,83,0
23,84,0
23,85,0
23,86,0
23,87,0
23,88,0
23,89,0
23,90,0
23,91,0
23,92,0
23,93,0
23,94,0
23,95,0
23,96,0
23,97,0
23,98,0
23,99,0
23,100,0
23,101,0
23,102,0
23,103,0
23,104,0
23,105,0
23,106,0
23,107,0
23,108,0
23,109,0
23,110,0
23,111,0
23,112,0
23,113,0
23,114,0
23,115,0
23,116,0
23,117,0
23,118,0
23,119,0
23,120,0
23,121,0
23,122,0
23,123,0
23,124,0
23,125,0
23,126,0
23,127,0
23,128,0
23,129,0
23,130,0
23,131,0
23,132,0
23,133,0
23,134,0
23,135,0
23,136,0
23,137,0
23,138,0
23,139,0
23,140,0
23,141,0
23,142,0
23,143,0
23,144,0
23,145,0
23,146,0
23,147,0
23,148,0
23,149,0
23,150,0
23,151,0
23,152,0
23,153,0
23,154,0
23,155,0
23,156,0
23,157,0
23,158,0
23,159,0
23,160,0
23,161,0
23,162,0
23,163,0
23,164,0
23,165,0
23,166,0
23,167,0
23,168,0
23,169,0
23,170,0
23,171,0
23,172,0
23,173,0
23,174,0
23,175,0
23,176,0
23,177,0
23,178,0
23,179,0
23,180,0
23,181,0
23,182,0
23,183,0
23,184,0
23,185,0
23,186,0
23,187,0
23,188,0
23,189,0
23,190,0
23,191,0
23,192,0
23,193,0
23,194,0
23,195,0
23,196,0
23,197,0
23,198,0
23,199,0
23,200,0
23,201,0
23,202,0
23,203,0
23,204,0
23,205,0
23,206,0
23,207,0
23,208,0
23,209,0
23,210,0
23,211,0
23,212,0
23,213,0
23,214,0
23,215,0
23,216,0
23,217,0
23,218,0
23,219,0
23,220,0
23,221,0
23,222,0
23,223,0
23,224,0
23,225,0
23,226,0
23,227,0
23,228,0
23,229,0
23,230,0
23,231,0
23,232,0
23,233,0
23,234,0
23,235,0
23,236,0
23,237,0
23,238,0
23,239,0
23,240,0
23,241,0
23,242,0
23,243,0
23,244,0
23,245,0
23,246,0
23,247,0
23,248,0
23,249,0
23,250,0
23,251,0
23,252,0
23,253,0
23,254,0
23,255,0
23,256,0
23,257,0
23,258,0
23,259,0
23,260,0
23,261,0
23,262,0
23,263,0
23,264,0
23,265,0
23,266,0
23,267,0
23,268,0
23,269,0
23,270,0
23,271,0
23,272,0
23,273,0
23,274,0
23,275,0
23,276,0
23,277,0
23,278,0
23,279,0
23,280,0
23,281,0
23,282,0
23,283,0
23,284,0
23,285,0
23,286,0
23,287,0
23,288,0
23,289,0
23,290,0
23,291,0
23,292,0
23,293,0
23,294,0
23,295,0
23,296,0
23,297,0
23,298,0
23,299,0
24,18,0
24,19,0
24,20,0
24,21,0
24,22,0
24,23,0
24,24,0
24,25,0
24,26,0
24,27,0
24,28,0
24,29,0
24,30,0
24,31,0
24,32,0
24,33,0
24,34,0
24,35,0
24,36,0
24,37,0
24,38,0
24,39,0
24,40,0
24,41,0
24,42,0
24,43,0
24,44,0
24,45,0
24,46,0
24,47,0
24,48,0
24,49,0
24,50,0
24,51,0
24,52,0
24,53,0
24,66,0
24,67,0
24,68,0
24,69,0
24,70,0
24,71,0
24,72,0
24,73,0
24,74,0
24,75,0
24,76,0
24,77,0
24,78,0
24,79,0
24,80,0
24,81,0
24,82,0
24,83,0
24,84,0
24,85,0
24,86,0
24,87,0
24,88,0
24,89,0
24,90,0
24,91,0
24,92,0
24,93,0
24,94,0
24,95,0
24,96,0
24,97,0
24,98,0
24,99,0
24,100,0
24,101,0
24,102,0
24,103,0
24,104,0
24,105,0
24,106,0
24,107,0
24,108,0
24,109,0
24,110,0
24,111,0
24,112,0
24,113,0
24,114,0
24,115,0
24,116,0
24,117,0
24,118,0
24,119,0
24,120,0
24,121,0
24,122,0
24,123,0
24,124,0
24,125,0
24,126,0
24,127,0
24,128,0
24,129,0
24,130,0
24,131,0
24,132,0
24,133,0
24,134,0
24,135,0
24,136,0
24,137,0
24,138,0
24,139,0
24,140,0
24,141,0
24,142,0
24,143,0
24,144,0
24,145,0
24,146,0
24,147,0
24,148,0
24,149,0
24,150,0
24,151,0
24,152,0
24,153,0
24,154,0
24,155,0
24,156,0
24,157,0
24,158,0
24,159,0
24,160,0
24,161,0
24,162,0
24,163,0
24,164,0
24,165,0
24,166,0
24,212,0
24,213,0
24,214,0
24,215,0
24,216,0
24,217,0
24,218,0
24,219,0
24,220,0
24,221,0
24,222,0
24,223,0
24,224,0
24,225,0
24,226,0
24,227,0
24,228,0
24,229,0
24,230,0
24,231,0
24,232,0
24,233,0
24,234,0
24,235,0
24,236,0
24,237,0
24,238,0
24,239,0
24,240,0
24,241,0
24,242,0
24,243,0
24,244,0
24,245,0
24,246,0
24,247,0
24,248,0
24,249,0
24,250,0
24,251,0
24,252,0
24,253,0
24,254,0
24,255,0
24,256,0
24,257,0
24,258,0
24,259,0
24,260,0
24,261,0
24,262,0
24,263,0
24,264,0
24,265,0
24,266,0
24,267,0
24,268,0
24,269,0
24,270,0
24,271,0
24,272,0
24,273,0
24,274,0
24,275,0
24,276,0
24,277,0
24,278,0
24,279,0
24,280,0
24,281,0
24,282,0
24,283,0
24,284,0
24,285,0
24,286,0
24,287,0
24,288,0
24,289,0
24,290,0
24,291,0
24,292,0
24,293,0
24,294,0
24,295,0
25,18,0
25,19,0
25,20,0
25,21,0
25,22,0
25,23,0
25,24,0
25,25,0
25,26,0
25,27,0
25,28,0
25,29,0
25,30,0
25,31,0
25,32,0
25,33,0
25,34,0
25,35,0
25,36,0
25,37,0
25,38,0
25,39,962
25,40,0
25,41,137
25,42,232
25,43,0
25,44,0
25,45,0
25,46,0
25,47,0
25,48,0
25,49,0
25,50,0
25,51,0
25,52,0
25,53,0
25,54,0
25,55,0
25,56,0
25,57,441
25,58,403
25,59,1149
25,60,566
25,61,551
25,62,692
25,63,365
25,64,501
25,65,0
25,75,0
25,76,0
25,77,0
25,78,0
25,79,0
25,80,0
25,81,0
25,82,0
25,83,0
25,84,0
25,85,0
25,86,0
25,87,0
25,88,0
25,89,0
25,90,0
25,91,0
25,92,0
25,93,0
25,94,0
25,95,0
25,96,0
25,97,0
25,98,0
25,99,0
25,100,0
25,101,0
25,102,0
25,103,0
25,104,0
25,105,0
25,106,0
25,107,0
25,108,0
25,109,0
25,110,0
25,111,0
25,112,0
25,113,0
25,114,0
25,115,0
25,116,0
25,117,0
25,118,0
25,119,223
25,120,197
25,121,0
25,122,0
25,123,0
25,124,0
25,125,691
25,126,0
25,127,0
25,128,0
25,129,173
25,130,0
25,131,0
25,132,0
25,133,0
25,134,0
25,135,0
25,136,0
25,137,0
25,138,0
25,139,0
25,140,0
25,141,0
25,142,0
25,143,0
25,144,0
25,145,0
25,146,0
25,147,0
25,148,0
25,149,0
25,150,0
25,167,0
25,168,0
25,169,0
25,170,0
25,171,0
25,172,0
25,173,234
25,174,0
25,175,0
25,176,0
25,177,0
25,178,0
25,179,0
25,180,0
25,181,0
25,182,0
25,183,0
25,184,0
25,185,0
25,186,0
25,187,0
25,188,0
25,212,0
25,213,0
25,214,0
25,215,0
25,216,0
25,217,0
25,218,0
25,219,0
25,220,0
25,221,0
25,222,0
25,223,0
25,224,0
25,225,0
25,226,0
25,227,0
25,228,0
25,229,0
25,230,0
25,231,0
25,232,0
25,233,0
25,234,0
25,235,0
25,236,0
25,237,0
25,238,0
25,239,0
25,240,0
25,241,0
25,242,0
25,243,0
25,244,0
25,245,0
25,246,0
25,247,0
25,248,0
25,249,0
25,250,0
25,251,0
25,252,0
25,253,0
25,254,0
25,255,0
25,256,0
25,257,0
25,258,0
25,259,0
25,260,0
25,261,0
25,262,0
25,263,0
25,264,0
25,265,0
25,266,0
25,267,0
25,268,0
25,269,0
25,270,0
25,271,0
25,272,0
25,273,0
25,274,0
25,275,0
25,276,0
25,277,0
25,278,0
25,279,0
25,280,0
25,281,0
25,282,0
25,283,0
25,284,0
25,285,0
25,286,0
25,287,0
25,288,0
25,289,0
25,290,0
25,291,0
25,292,0
25,293,0
25,294,0
25,295,0
26,24,0
26,25,0
26,26,0
26,27,0
26,28,0
26,29,0
26,30,0
26,31,0
26,32,0
26,33,0
26,34,0
26,35,0
26,36,0
26,37,0
26,38,0
26,39,0
26,40,0
26,41,0
26,42,0
26,43,0
26,44,0
26,45,0
26,46,0
26,47,0
26,48,0
26,49,0
26,50,0
26,51,0
26,52,0
26,53,0
26,54,0
26,55,0
26,56,0
26,57,0
26,58,0
26,59,0
26,60,0
26,61,0
26,62,0
26,63,0
26,64,0
26,65,0
26,75,0
26,76,0
26,77,0
26,78,0
26,79,0
26,80,0
26,81,0
26,82,0
26,83,0
26,84,0
26,85,0
26,86,0
26,87,0
26,88,0
26,89,0
26,90,0
26,91,0
26,92,0
26,93,0
26,94,0
26,95,0
26,96,0
26,97,0
26,98,0
26,99,0
26,100,0
26,101,0
26,102,0
26,103,0
26,104,0
26,105,0
26,106,0
26,107,0
26,108,0
26,109,0
26,110,0
26,111,0
26,112,0
26,113,0
26,114,0
26,115,0
26,116,0
26,117,0
26,118,0
26,119,0
26,120,0
26,121,0
26,122,0
26,123,0
26,124,0
26,125,0
26,126,0
26,127,0
26,128,0
26,129,0
26,130,0
26,131,0
26,132,0
26,133,0
26,134,0
26,135,0
26,136,0
26,137,0
26,138,0
26,139,0
26,140,0
26,141,0
26,142,0
26,143,0
26,144,0
26,145,0
26,146,0
26,147,0
26,148,0
26,149,0
26,150,0
26,167,0
26,168,0
26,169,0
26,170,0
26,171,0
26,172,0
26,173,0
26,174,0
26,175,0
26,176,0
26,177,0
26,178,0
26,179,0
26,180,0
26,181,0
26,182,0
26,183,0
26,184,0
26,185,0
26,186,0
26,187,0
26,188,0
26,189,0
26,190,0
26,191,0
26,192,0
26,193,0
26,194,0
26,195,0
26,196,0
26,212,0
26,213,0
26,214,0
26,215,0
26,216,0
26,217,0
26,218,0
26,219,0
26,220,0
26,221,0
26,222,0
26,223,0
26,224,0
26,225,0
26,226,0
26,227,0
26,228,0
26,229,0
26,230,0
26,231,0
26,232,0
26,233,0
26,234,0
26,235,0
26,236,0
26,237,0
26,238,0
26,239,0
26,240,0
26,241,0
26,242,0
26,243,0
26,244,0
26,245,0
26,246,0
26,247,0
26,248,0
26,249,0
26,250,0
26,251,0
26,252,0
26,253,0
26,254,0
26,255,0
26,256,0
26,257,0
26,258,0
26,259,0
26,260,0
26,261,0
26,262,0
26,263,0
26,264,0
26,265,0
26,266,0
26,267,0
26,268,0
26,269,0
26,270,0
26,271,0
26,272,0
26,273,0
26,274,0
26,275,0
26,276,0
26,277,0
26,278,0
26,279,0
26,280,0
26,281,0
26,282,0
26,283,0
26,284,0
26,285,0
26,286,0
26,287,0
26,288,0
26,289,0
26,290,0
26,291,0
26,292,0
26,293,0
26,294,0
26,295,0
26,296,0
26,297,0
26,298,0
26,299,0
27,75,0
27,76,0
27,77,1639
27,78,0
27,79,0
27,80,0
27,81,0
27,82,1191
27,83,0
27,84,0
27,85,1470
27,86,0
28,75,0
28,76,0
28,77,0
28,78,0
28,79,0
28,80,0
28,81,0
28,82,0
28,83,772
28,84,0
28,85,0
28,86,0
29,66,0
29,67,0
29,68,0
29,69,2570
29,70,0
29,71,0
29,72,0
29,73,0
29,74,0
30,54,0
30,55,787
30,75,0
30,76,0
30,77,0
30,78,0
30,79,0
30,80,0
30,81,766
30,82,0
30,83,0
30,84,0
30,85,0
30,86,0
30,258,0
30,259,0
30,260,0
30,261,0
30,262,0
30,263,0
30,264,0
30,265,0
30,266,0
30,267,0
30,268,0
30,269,0
30,270,0
30,271,0
30,272,0
30,273,0
30,274,0
30,275,0
30,276,0
30,277,0
30,278,0
30,279,0
30,280,0
30,281,0
30,282,0
30,283,0
30,284,0
30,285,0
30,286,0
30,287,0
30,288,0
30,289,0
30,290,0
30,291,0
30,292,0
30,293,0
30,294,652
30,295,0
31,87,0
31,88,0
31,89,0
31,90,0
31,91,0
31,92,0
31,93,0
31,94,0
31,95,0
31,96,0
31,97,0
31,98,0
31,99,0
31,100,0
31,101,0
31,102,0
31,103,0
31,104,0
31,105,0
31,106,0
31,107,0
31,108,0
31,109,0
31,110,0
31,111,0
31,112,0
31,113,0
31,114,0
31,115,0
31,116,0
31,117,0
31,118,0
31,119,0
31,120,0
31,121,0
31,122,0
31,123,0
31,124,0
31,125,0
31,126,0
31,127,0
31,128,0
31,129,0
31,130,0
31,131,0
31,132,0
31,133,0
31,134,0
31,135,0
31,136,0
31,137,0
31,138,0
31,139,0
31,140,0
31,141,0
31,142,0
31,143,0
31,144,0
31,145,0
31,146,0
31,147,0
31,148,0
31,149,0
31,150,0
32,75,0
32,76,0
32,77,0
32,78,0
32,79,0
32,80,0
32,81,0
32,82,0
32,83,0
32,84,0
32,85,0
32,86,1537
32,87,0
32,88,0
32,89,0
32,90,0
32,91,0
32,92,0
32,93,0
32,94,0
32,95,0
32,96,0
32,97,0
32,98,0
32,99,0
32,100,0
32,101,0
32,102,0
32,103,0
32,104,0
32,105,0
32,106,0
32,107,0
32,108,0
32,109,0
32,110,0
32,111,0
32,112,0
32,113,0
32,114,0
32,115,0
32,116,0
32,117,0
32,118,0
32,119,0
32,120,0
32,121,0
32,122,0
32,123,0
32,124,0
32,125,0
32,126,0
32,127,0
32,128,0
32,129,0
32,130,0
32,131,0
32,132,0
32,133,0
32,134,0
32,135,0
32,136,0
32,137,0
32,138,0
32,139,0
32,140,0
32,141,0
32,142,0
32,143,0
32,144,0
32,145,0
32,146,0
32,147,0
32,148,0
32,149,0
32,150,0
32,212,0
32,213,0
32,214,0
32,215,0
32,216,0
32,217,0
32,218,0
32,219,0
32,220,0
32,221,0
32,222,0
32,223,0
32,224,0
32,225,0
32,226,0
32,227,0
32,228,0
32,229,0
32,230,0
32,231,0
32,232,0
32,233,0
32,234,0
32,235,0
32,236,0
32,237,0
32,238,0
32,239,0
32,240,0
32,241,0
32,242,0
32,243,0
32,244,0
32,245,0
32,246,0
32,247,0
32,248,0
32,249,0
32,250,0
32,251,0
32,252,0
32,253,0
32,254,0
32,255,0
32,256,0
32,257,0
33,18,0
33,19,0
33,20,0
33,21,0
33,22,0
33,23,0
33,24,0
33,25,0
33,26,0
33,27,0
33,28,0
33,29,0
33,30,0
33,31,0
33,32,0
33,33,0
33,34,0
33,35,0
33,36,0
33,37,0
33,38,0
33,39,0
33,40,0
33,41,0
33,42,0
33,43,0
33,44,0
33,45,0
33,46,0
33,47,0
33,48,0
33,49,0
33,50,0
33,51,0
33,52,0
33,53,0
33,54,0
33,55,0
33,75,0
33,76,0
33,77,0
33,78,0
33,79,0
33,80,0
33,81,0
33,82,0
33,83,0
33,84,0
33,85,0
33,86,0
33,87,0
33,88,0
33,89,0
33,90,0
33,91,0
33,92,0
33,93,0
33,94,0
33,95,0
33,96,0
33,97,0
33,98,0
33,99,0
33,100,0
33,101,0
33,102,0
33,103,0
33,104,0
33,105,0
33,106,0
33,107,0
33,108,0
33,109,0
33,110,0
33,111,0
33,112,0
33,113,0
33,114,0
33,115,0
33,116,0
33,117,0
33,118,0
33,119,0
33,120,0
33,121,0
33,122,0
33,123,0
33,124,0
33,125,0
33,126,0
33,127,0
33,128,0
33,129,0
33,130,0
33,131,0
33,132,0
33,133,0
33,134,0
33,135,0
33,136,0
33,137,0
33,138,0
33,139,0
33,140,0
33,141,0
33,142,0
33,143,0
33,144,0
33,145,0
33,146,0
33,147,0
33,148,0
33,149,0
33,150,0
33,151,0
33,152,0
33,153,0
33,154,0
33,155,0
33,156,0
33,157,0
33,158,0
33,159,0
33,160,0
33,161,0
33,162,0
33,163,0
33,164,0
33,165,0
33,166,0
33,167,0
33,168,0
33,169,0
33,170,0
33,171,0
33,172,0
33,173,0
33,174,0
33,175,0
33,176,0
33,177,0
33,178,0
33,179,0
33,180,0
33,181,0
33,182,0
33,183,0
33,184,0
33,185,0
33,186,0
33,187,0
33,188,0
33,189,0
33,190,0
33,191,0
33,192,0
33,193,0
33,194,1201
33,195,0
33,196,0
33,197,0
33,198,0
33,199,0
33,200,0
33,201,0
33,202,0
33,203,0
33,204,0
33,205,0
33,206,0
33,207,0
33,208,0
33,209,0
33,210,0
33,211,0
33,212,0
33,213,0
33,214,0
33,215,0
33,216,0
33,217,0
33,218,0
33,219,0
33,220,0
33,221,0
33,222,0
33,223,0
33,224,0
33,225,0
33,226,0
33,227,0
33,228,0
33,229,0
33,230,0
33,231,0
33,232,0
33,233,0
33,234,0
33,235,0
33,236,0
33,237,0
33,238,0
33,239,0
33,240,0
33,241,0
33,242,0
33,243,0
33,244,0
33,245,0
33,246,0
33,247,0
33,248,0
33,249,0
33,250,0
33,251,0
33,252,0
33,253,0
33,254,0
33,255,0
33,256,0
33,257,0
33,258,0
33,259,0
33,260,0
33,261,0
33,262,0
33,263,0
33,264,0
33,265,0
33,266,0
33,267,0
33,268,0
33,269,0
33,270,0
33,271,0
33,272,0
33,273,0
33,274,0
33,275,0
33,276,0
33,277,0
33,278,0
33,279,0
33,280,0
33,281,0
33,282,0
33,283,0
33,284,0
33,285,0
33,286,0
33,287,0
33,288,0
33,289,0
33,290,0
33,291,0
33,292,0
33,293,0
33,294,0
33,295,0
33,296,0
33,297,0
33,298,0
33,299,0
34,38,228
34,45,725
34,239,358
34,281,406
35,206,110
35,208,261
36,83,0
36,117,554
36,118,430
36,185,522
36,212,0
36,213,0
36,214,0
36,215,0
36,216,0
36,217,0
36,218,0
36,219,0
36,220,0
36,221,0
36,222,0
36,223,0
36,224,0
36,225,0
36,226,0
36,227,0
36,228,0
36,229,0
36,230,0
36,231,0
36,232,0
36,233,359
36,234,0
36,235,0
36,236,0
36,237,0
36,238,0
36,239,0
36,240,0
36,241,311
36,242,0
36,243,0
36,244,0
36,245,0
36,246,0
36,247,0
36,248,0
36,249,0
36,250,0
36,251,0
36,252,0
36,253,0
36,254,0
36,255,0
36,256,0
36,257,0
36,264,0
36,281,0
37,9,506
37,32,0
37,127,0
37,208,0
37,209,0
37,296,0
37,297,0
37,298,0
37,299,0
38,79,439
38,212,0
38,213,0
38,214,0
38,215,0
38,216,0
38,217,0
38,218,0
38,219,0
38,220,0
38,221,0
38,222,0
38,223,0
38,224,0
38,225,0
38,226,0
38,227,0
38,228,0
38,229,0
38,230,0
38,231,0
38,232,0
38,233,0
38,234,0
38,235,0
38,236,0
38,237,0
38,238,0
38,239,0
38,240,0
38,241,0
38,242,0
38,243,0
38,244,0
38,245,0
38,246,0
38,247,0
38,248,0
38,249,0
38,250,0
38,251,0
38,252,0
38,253,0
38,254,0
38,255,0
38,256,0
38,257,0
39,82,636
39,85,716
40,5,342
40,205,237
40,208,305
41,232,1074
41,255,788
41,257,596
42,1,755
42,2,0
42,3,0
42,4,0
42,5,0
42,6,0
42,7,0
42,8,0
42,9,0
42,10,0
42,11,0
42,12,547
42,13,0
42,14,0
42,15,148
42,16,0
42,17,0
42,18,0
42,19,762
42,20,1457
42,21,0
42,22,0
42,23,866
42,24,120
42,25,0
42,26,0
42,27,0
42,28,0
42,29,0
42,30,232
42,31,0
42,32,0
42,33,0
42,34,503
42,35,0
42,36,0
42,37,0
42,38,0
42,39,0
42,40,0
42,41,0
42,42,0
42,43,0
42,44,0
42,45,0
42,46,0
42,47,0
42,48,0
42,49,445
42,50,2324
42,51,746
42,52,0
42,53,0
42,54,0
42,55,0
42,56,618
42,57,0
42,58,0
42,59,0
42,60,0
42,61,472
42,62,0
42,63,911
42,64,2256
42,65,738
42,66,1214
42,67,0
42,68,0
42,69,0
42,70,1666
42,71,0
42,72,0
42,73,0
42,74,386
42,75,766
42,76,454
42,77,0
42,78,0
42,79,0
42,80,0
42,81,0
42,82,0
42,83,3169
42,84,0
42,85,0
42,86,1394
42,87,0
42,88,0
42,89,0
42,90,0
42,91,329
42,92,0
42,93,0
42,94,0
42,95,0
42,96,99
42,97,0
42,98,0
42,99,464
42,100,0
42,101,861
42,102,0
42,103,0
42,104,0
42,105,48
42,106,0
42,107,0
42,108,0
42,109,85
42,110,0
42,111,0
42,112,168
42,113,0
42,114,0
42,115,0
42,116,1415
42,117,0
42,118,0
42,119,0
42,120,1175
42,121,0
42,122,0
42,123,0
42,124,0
42,125,0
42,126,0
42,127,0
42,128,0
42,129,378
42,130,514
42,131,0
42,132,0
42,133,0
42,134,0
42,135,0
42,136,0
42,137,0
42,138,2627
42,139,0
42,140,0
42,141,0
42,142,0
42,143,0
42,144,406
42,145,0
42,146,232
42,147,0
42,148,556
42,149,0
42,150,1799
42,151,0
42,152,956
42,153,493
42,154,0
42,155,0
42,156,779
42,157,0
42,158,1450
42,159,0
42,160,0
42,161,0
42,162,0
42,163,0
42,164,1702
42,165,14239
42,166,4348
42,167,88
42,168,870
42,169,0
42,170,0
42,171,491
42,172,687
42,173,376
42,174,0
42,175,0
42,176,0
42,177,0
42,178,0
42,179,0
42,180,0
42,181,0
42,182,0
42,183,0
42,184,0
42,185,0
42,186,0
42,187,960
42,188,1428
42,189,764
42,190,0
42,191,2317
42,192,0
42,193,0
42,194,2190
42,195,1702
42,196,0
42,197,0
42,198,1885
42,199,383
42,200,0
42,201,0
42,202,0
42,203,934
42,204,0
42,205,486
42,206,805
42,207,0
42,208,0
42,209,0
42,210,0
42,211,0
42,212,0
42,213,0
42,214,0
42,215,1308
42,216,0
42,217,0
42,218,0
42,219,0
42,220,207
42,221,0
42,222,0
42,223,0
42,224,416
42,225,0
42,226,0
42,227,0
42,228,0
42,229,0
42,230,0
42,231,0
42,232,0
42,233,0
42,234,2920
42,235,12782
42,236,0
42,237,0
42,238,0
42,239,0
42,240,0
42,241,0
42,242,0
42,243,0
42,244,0
42,245,0
42,246,0
42,247,1037
42,248,0
42,249,0
42,250,0
42,251,0
42,252,0
42,253,0
42,254,0
42,255,0
42,256,0
42,257,0
42,258,372
42,259,0
42,260,934
42,261,0
42,262,0
42,263,0
42,264,0
42,265,0
42,266,0
42,267,732
42,268,0
42,269,0
42,270,0
42,271,724
42,272,0
42,273,112
42,274,0
42,275,0
42,276,0
42,277,0
42,278,83
42,279,148
42,280,0
42,281,583
42,282,202
42,283,0
42,284,0
42,285,0
42,286,579
42,287,320
42,288,0
42,289,874
42,290,1590
42,291,0
42,292,0
42,293,354
42,294,174
42,295,0
42,296,0
42,297,0
42,298,0
42,299,0
